Instability,Abstractness
0.083333,0.972727
0,1
0,0.928571
0,0.666667
0,1
0,1
0,0.621622
0.096774,0.604938
0.25,1
0,0.911765
0.105263,0.738462
0,0.929648
0,0.9
0.238095,0.892157
0.043478,0.743902
0,0.746479
0,0.943038
0.123077,0.884259
0.269231,0.956155
0.116788,0.952247
0.026316,0.894472
0.053659,0.836314
0.285714,0.893333
0.025,0.944444
0.17346,0.96463
0.166667,0.56383
0,1
0,0